<config>
	<!-- 配置url地址  测试-->
	<!-- <ip>http://oatraining.petrochina</ip> -->
	<!-- 配置url地址  正式
	<ip>http://oa.petrochina</ip> -->
	<ip>http://oa.petrochina</ip>
	
	<!-- 传阅地址 -->
	<circulationUrl>/task%20Portal/UICommonPage/SelectDistributeCustomReceiver.aspx</circulationUrl>
	<!-- 选择承办人地址 -->
	<contractorsUrl>/task%20portal/UICommonPage/SelectUserByRole.aspx</contractorsUrl>
	<!-- 选择下一环节人员地址 -->
	<selectStepUser>/task%20portal/UICommonPage/SelectStepUser.aspx</selectStepUser>
	<!-- 选择所有人员根节点请求地址 -->
	<selectAllPersonFirst>/task%20portal/UICommonPage/SelectDistributeCustomReceiver.aspx</selectAllPersonFirst>
	<!-- 选择所有人员除根节点外其他数据请求地址 -->
	<selectAllPersonOther>/task%20portal/UICommonPage/Services/GetArtTreeViewXml.aspx</selectAllPersonOther>
	<!-- 选择所有组织、部门信息的数据请求地址 -->
	<selectAllOrg>/task%20portal/UICommonPage/SelectOrganization.aspx</selectAllOrg>
	
	<!-- 登录地址 -->
	<loginUrl>/Task%20Portal/Login.aspx?ReturnUrl=%2ftask+portal%2findex.aspx</loginUrl>
	
	<!-- 任务列表地址 -->
	<TaskList>/task%20portal/UITaskList/TaskList.aspx</TaskList>
	
	<!-- 表单页面地址 -->
	<TaskDetailUrl>/Task%20Portal/UITaskPage/TaskForm.aspx?ID=</TaskDetailUrl>
	
	<!-- 启动页面地址 -->
	<startTask>/task%20portal/UIWorkflowTransferPages/TransferForm.aspx?ID=</startTask>
	
	<!-- 传阅地址 -->
	<translate>/task%20portal/UICommonPage/Services/DataServices.aspx?mode=distributefile</translate>
	
	<!-- 打开正文地址 -->
	<openDoc>/officewebservice/officewebservice.asmx</openDoc>
	
	<!-- 附件下载地址 -->
	<downloadDoc>/workroot/AccessoryFiles/</downloadDoc>
	<!-- 附件下载前需要请求的地址 -->
	<requstDocUrl>/task%20portal/UICommonpage/FileView.aspx</requstDocUrl>
</config>